	file	seconds
0	BS-EQ-09-T1-replacement_TCRB.tsv.tcrdist3.v_max.tsv	1.4980s
1	BS-EQ-0022-T0-replacement_TCRB.tsv.tcrdist3.v_max.tsv	0.8543s
2	860011133_TCRB.tsv.tcrdist3.v_max.tsv	0.9870s
3	BS-GIGI_86-replacement_TCRB.tsv.tcrdist3.v_max.tsv	0.9343s
4	BS-EQ-12-T1-replacement_TCRB.tsv.tcrdist3.v_max.tsv	0.9353s
5	BS-GIGI_44-replacement_TCRB.tsv.tcrdist3.v_max.tsv	1.0152s
6	KH20-09697_TCRB.tsv.tcrdist3.v_max.tsv	1.0134s
7	BS-GN-0007-T0-replacement_TCRB.tsv.tcrdist3.v_max.tsv	1.0497s
8	860011216_TCRB.tsv.tcrdist3.v_max.tsv	1.1356s
9	BS-EQ-0002-T1-replacement_TCRB.tsv.tcrdist3.v_max.tsv	1.1052s
10	KH20-09988_TCRB.tsv.tcrdist3.v_max.tsv	1.3534s
11	BS-GIGI_21-replacement_TCRB.tsv.tcrdist3.v_max.tsv	1.1775s
12	INCOV018-AC-5_TCRB.tsv.tcrdist3.v_max.tsv	1.2555s
13	860011205_TCRB.tsv.tcrdist3.v_max.tsv	1.2251s
14	BS-GN-06-T0-replacement_TCRB.tsv.tcrdist3.v_max.tsv	1.1798s
15	KHBR20-00107_TCRB.tsv.tcrdist3.v_max.tsv	1.2826s
16	550043156_TCRB.tsv.tcrdist3.v_max.tsv	1.2458s
17	550041451_TCRB.tsv.tcrdist3.v_max.tsv	1.2558s
18	KH20-09700_TCRB.tsv.tcrdist3.v_max.tsv	1.3414s
19	BS-EQ-25-T0-replacement_TCRB.tsv.tcrdist3.v_max.tsv	1.2480s
20	860011320_TCRB.tsv.tcrdist3.v_max.tsv	1.3548s
21	BS-GN-0008-T0-replacement_TCRB.tsv.tcrdist3.v_max.tsv	1.2601s
22	BS-EQ-0002-T2-replacement_TCRB.tsv.tcrdist3.v_max.tsv	1.2716s
23	860011277_TCRB.tsv.tcrdist3.v_max.tsv	1.3854s
24	KH20-11306_TCRB.tsv.tcrdist3.v_max.tsv	1.3314s
25	BS-EQ-10-T1-replacement_TCRB.tsv.tcrdist3.v_max.tsv	1.3129s
26	BS-EQ-18-T1-replacement_TCRB.tsv.tcrdist3.v_max.tsv	1.3775s
27	KH20-11638_TCRB.tsv.tcrdist3.v_max.tsv	1.4127s
28	860011493_TCRB.tsv.tcrdist3.v_max.tsv	1.4687s
29	BS-GN-0010-T0-replacement_TCRB.tsv.tcrdist3.v_max.tsv	2.0115s
30	860011220_TCRB.tsv.tcrdist3.v_max.tsv	1.4581s
31	KH20-09681_TCRB.tsv.tcrdist3.v_max.tsv	1.4378s
32	550041430_TCRB.tsv.tcrdist3.v_max.tsv	1.5918s
33	INCOV033-AC-3_TCRB.tsv.tcrdist3.v_max.tsv	1.4645s
34	KHBR20-00093_TCRB.tsv.tcrdist3.v_max.tsv	1.5353s
35	860011221_TCRB.tsv.tcrdist3.v_max.tsv	1.5902s
36	BS-GIGI_28-replacement_TCRB.tsv.tcrdist3.v_max.tsv	1.5107s
37	BS-GIGI_46-replacement_TCRB.tsv.tcrdist3.v_max.tsv	1.4876s
38	KH20-09665_TCRB.tsv.tcrdist3.v_max.tsv	1.6084s
39	BS-EQ-0018-T0-replacement_TCRB.tsv.tcrdist3.v_max.tsv	1.5787s
40	860011287_TCRB.tsv.tcrdist3.v_max.tsv	1.6037s
41	BS-GIGI_42-replacement_TCRB.tsv.tcrdist3.v_max.tsv	1.5557s
42	INCOV004-BL-5_TCRB.tsv.tcrdist3.v_max.tsv	1.6973s
43	KH20-11809_TCRB.tsv.tcrdist3.v_max.tsv	1.7024s
44	BS-EQ-0001-T1-replacement_TCRB.tsv.tcrdist3.v_max.tsv	1.6595s
45	KH20-09671_TCRB.tsv.tcrdist3.v_max.tsv	1.7115s
46	KHBR20-00111_TCRB.tsv.tcrdist3.v_max.tsv	1.7039s
47	BS-EQ-0027-T1-replacement_TCRB.tsv.tcrdist3.v_max.tsv	1.7059s
48	BS-EQ-0024-T0-replacement_TCRB.tsv.tcrdist3.v_max.tsv	1.6907s
49	BS-GN-13-T0-replacement_TCRB.tsv.tcrdist3.v_max.tsv	1.7624s
50	BS-EQ-11-T2-replacement_TCRB.tsv.tcrdist3.v_max.tsv	1.7420s
51	BS-GIGI_32-replacement_TCRB.tsv.tcrdist3.v_max.tsv	1.7340s
52	BS-EQ-31-T0-replacement_TCRB.tsv.tcrdist3.v_max.tsv	1.7995s
53	BS-EQ-0027-T2-replacement_TCRB.tsv.tcrdist3.v_max.tsv	1.7548s
54	BS-GIGI_06-replacement_TCRB.tsv.tcrdist3.v_max.tsv	1.8200s
55	KH20-09679_TCRB.tsv.tcrdist3.v_max.tsv	1.8645s
56	KH20-09676_TCRB.tsv.tcrdist3.v_max.tsv	1.8428s
57	860011462_TCRB.tsv.tcrdist3.v_max.tsv	1.9589s
58	BS-GIGI_56-replacement_TCRB.tsv.tcrdist3.v_max.tsv	2.4593s
59	KH20-09722_TCRB.tsv.tcrdist3.v_max.tsv	1.9892s
60	KH20-09751_TCRB.tsv.tcrdist3.v_max.tsv	2.0365s
61	550040014_TCRB.tsv.tcrdist3.v_max.tsv	1.9785s
62	BS-GIGI_96-replacement_TCRB.tsv.tcrdist3.v_max.tsv	1.8989s
63	BS-GN-0012-T0-replacement_TCRB.tsv.tcrdist3.v_max.tsv	1.9509s
64	KHBR20-00085_TCRB.tsv.tcrdist3.v_max.tsv	1.9710s
65	KH20-09667_TCRB.tsv.tcrdist3.v_max.tsv	2.0567s
66	INCOV086-AC-3_TCRB.tsv.tcrdist3.v_max.tsv	2.1046s
67	KH20-11307_TCRB.tsv.tcrdist3.v_max.tsv	2.0818s
68	BS-GIGI_49-replacement_TCRB.tsv.tcrdist3.v_max.tsv	1.9678s
69	INCOV020-AC-5_TCRB.tsv.tcrdist3.v_max.tsv	2.1195s
70	BS-GIGI_85-replacement_TCRB.tsv.tcrdist3.v_max.tsv	1.9601s
71	KH20-11650_TCRB.tsv.tcrdist3.v_max.tsv	2.0471s
72	BS-GIGI_15-replacement_TCRB.tsv.tcrdist3.v_max.tsv	2.0414s
73	BS-EQ-43-T0-replacement_TCRB.tsv.tcrdist3.v_max.tsv	1.9803s
74	BS-GIGI_50-replacement_TCRB.tsv.tcrdist3.v_max.tsv	2.0372s
75	INCOV013-AC-5_TCRB.tsv.tcrdist3.v_max.tsv	2.1931s
76	BS-EQ-0011-T1-replacement_TCRB.tsv.tcrdist3.v_max.tsv	2.0331s
77	BS-GIGI_66-replacement_TCRB.tsv.tcrdist3.v_max.tsv	2.2112s
78	860011140_TCRB.tsv.tcrdist3.v_max.tsv	2.2194s
79	BS-EQ-12-T2-replacement_TCRB.tsv.tcrdist3.v_max.tsv	2.0916s
80	KHBR20-00089_TCRB.tsv.tcrdist3.v_max.tsv	2.2897s
81	860011235_TCRB.tsv.tcrdist3.v_max.tsv	2.2237s
82	860011123_TCRB.tsv.tcrdist3.v_max.tsv	2.2474s
83	KHBR20-00121_TCRB.tsv.tcrdist3.v_max.tsv	2.2751s
84	KHBR20-00180_TCRB.tsv.tcrdist3.v_max.tsv	2.2395s
85	BS-GIGI_18-replacement_TCRB.tsv.tcrdist3.v_max.tsv	2.2793s
86	BS-GIGI_64-replacement_TCRB.tsv.tcrdist3.v_max.tsv	2.2032s
87	BS-EQ-0024-T1-replacement_TCRB.tsv.tcrdist3.v_max.tsv	2.7721s
88	550042607_TCRB.tsv.tcrdist3.v_max.tsv	2.3670s
89	KH20-11683_TCRB.tsv.tcrdist3.v_max.tsv	2.3718s
90	KHBR20-00179_TCRB.tsv.tcrdist3.v_max.tsv	2.2772s
91	BS-GN-0002-T0-replacement_TCRB.tsv.tcrdist3.v_max.tsv	2.2773s
92	550043906_TCRB.tsv.tcrdist3.v_max.tsv	2.3679s
93	BS-EQ-0021-T0-replacement_TCRB.tsv.tcrdist3.v_max.tsv	2.2668s
94	BS-EQ-07-T1-replacement_TCRB.tsv.tcrdist3.v_max.tsv	2.3460s
95	860011306_TCRB.tsv.tcrdist3.v_max.tsv	2.4418s
96	550043943_TCRB.tsv.tcrdist3.v_max.tsv	2.4546s
97	BS-GIGI_20-replacement_TCRB.tsv.tcrdist3.v_max.tsv	2.3891s
98	BS-GIGI_52-replacement_TCRB.tsv.tcrdist3.v_max.tsv	2.3328s
99	KH20-09970_TCRB.tsv.tcrdist3.v_max.tsv	2.5172s
100	860011129_TCRB.tsv.tcrdist3.v_max.tsv	2.4515s
101	KHBR20-00098_TCRB.tsv.tcrdist3.v_max.tsv	2.4759s
102	860011124_TCRB.tsv.tcrdist3.v_max.tsv	2.5065s
103	860011110_TCRB.tsv.tcrdist3.v_max.tsv	2.4949s
104	BS-GIGI_01-replacement_TCRB.tsv.tcrdist3.v_max.tsv	2.5297s
105	KH20-09670_TCRB.tsv.tcrdist3.v_max.tsv	2.4649s
106	BS-GIGI_72-replacement_TCRB.tsv.tcrdist3.v_max.tsv	2.3917s
107	BS-EQ-11-T3-replacement_TCRB.tsv.tcrdist3.v_max.tsv	2.4403s
108	860011120_TCRB.tsv.tcrdist3.v_max.tsv	2.5465s
109	INCOV008-BL-5_TCRB.tsv.tcrdist3.v_max.tsv	2.5460s
110	BS-GN-0004-T0-replacement_TCRB.tsv.tcrdist3.v_max.tsv	2.3875s
111	INCOV028-AC-3_TCRB.tsv.tcrdist3.v_max.tsv	2.5723s
112	KH20-11295_TCRB.tsv.tcrdist3.v_max.tsv	2.5372s
113	860011214_TCRB.tsv.tcrdist3.v_max.tsv	2.6550s
114	BS-GIGI_13-replacement_TCRB.tsv.tcrdist3.v_max.tsv	2.4787s
115	860011204_TCRB.tsv.tcrdist3.v_max.tsv	2.6463s
116	BS-GIGI_87-replacement_TCRB.tsv.tcrdist3.v_max.tsv	3.0674s
117	860011215_TCRB.tsv.tcrdist3.v_max.tsv	2.7083s
118	860011202_TCRB.tsv.tcrdist3.v_max.tsv	2.8284s
119	INCOV005-BL-5_TCRB.tsv.tcrdist3.v_max.tsv	2.6960s
120	BS-GIGI_10-replacement_TCRB.tsv.tcrdist3.v_max.tsv	2.5789s
121	860011489_TCRB.tsv.tcrdist3.v_max.tsv	2.8128s
122	550043905_TCRB.tsv.tcrdist3.v_max.tsv	2.7304s
123	BS-GN-01-T0-replacement_TCRB.tsv.tcrdist3.v_max.tsv	2.6493s
124	550042578_TCRB.tsv.tcrdist3.v_max.tsv	2.7583s
125	KHBR20-00118_TCRB.tsv.tcrdist3.v_max.tsv	2.7258s
126	KH20-09655_TCRB.tsv.tcrdist3.v_max.tsv	2.8134s
127	BS-EQ-0016-T1-replacement_TCRB.tsv.tcrdist3.v_max.tsv	2.6066s
128	KHBR20-00106_TCRB.tsv.tcrdist3.v_max.tsv	2.7513s
129	BS-GIGI_62-replacement_TCRB.tsv.tcrdist3.v_max.tsv	2.7473s
130	BS-EQ-37-T0-replacement_TCRB.tsv.tcrdist3.v_max.tsv	2.6477s
131	860011244_TCRB.tsv.tcrdist3.v_max.tsv	2.9192s
132	KHBR20-00157_TCRB.tsv.tcrdist3.v_max.tsv	2.7542s
133	BS-GIGI_80-replacement_TCRB.tsv.tcrdist3.v_max.tsv	2.7492s
134	KHBR20-00182_TCRB.tsv.tcrdist3.v_max.tsv	2.9586s
135	KHBR20-00206_TCRB.tsv.tcrdist3.v_max.tsv	2.8578s
136	860011318_TCRB.tsv.tcrdist3.v_max.tsv	3.0455s
137	KH20-11645_TCRB.tsv.tcrdist3.v_max.tsv	2.8943s
138	KH20-09673_TCRB.tsv.tcrdist3.v_max.tsv	2.9544s
139	550040140_TCRB.tsv.tcrdist3.v_max.tsv	2.9478s
140	BS-GIGI_36-replacement_TCRB.tsv.tcrdist3.v_max.tsv	2.8062s
141	KHBR20-00171_TCRB.tsv.tcrdist3.v_max.tsv	3.0311s
142	BS-GIGI_81-replacement_TCRB.tsv.tcrdist3.v_max.tsv	2.8279s
143	860011225_TCRB.tsv.tcrdist3.v_max.tsv	3.0663s
144	550043911_TCRB.tsv.tcrdist3.v_max.tsv	3.0257s
145	BS-GIGI_03-replacement_TCRB.tsv.tcrdist3.v_max.tsv	3.4294s
146	KH20-09698_TCRB.tsv.tcrdist3.v_max.tsv	3.0511s
147	BS-EQ-29-T0-replacement_TCRB.tsv.tcrdist3.v_max.tsv	3.1036s
148	860011239_TCRB.tsv.tcrdist3.v_max.tsv	3.1351s
149	KH20-11303_TCRB.tsv.tcrdist3.v_max.tsv	3.0964s
150	550041293_TCRB.tsv.tcrdist3.v_max.tsv	3.1917s
151	INCOV028-BL-3_TCRB.tsv.tcrdist3.v_max.tsv	3.1442s
152	INCOV004-AC-5_TCRB.tsv.tcrdist3.v_max.tsv	3.2281s
153	110047437_TCRB.tsv.tcrdist3.v_max.tsv	3.1588s
154	860011201_TCRB.tsv.tcrdist3.v_max.tsv	3.2912s
155	BS-EQ-23-T1-replacement_TCRB.tsv.tcrdist3.v_max.tsv	3.0218s
156	KHBR20-00119_TCRB.tsv.tcrdist3.v_max.tsv	3.2818s
157	KHBR20-00149_TCRB.tsv.tcrdist3.v_max.tsv	3.2663s
158	BS-EQ-0017-T0-replacement_TCRB.tsv.tcrdist3.v_max.tsv	3.0599s
159	KH20-11810_TCRB.tsv.tcrdist3.v_max.tsv	3.2896s
160	BS-GIGI_45-replacement_TCRB.tsv.tcrdist3.v_max.tsv	3.0782s
161	550042567_TCRB.tsv.tcrdist3.v_max.tsv	3.3049s
162	860011109_TCRB.tsv.tcrdist3.v_max.tsv	3.2746s
163	KH20-09752_TCRB.tsv.tcrdist3.v_max.tsv	3.2470s
164	KH20-09675_TCRB.tsv.tcrdist3.v_max.tsv	3.3561s
165	KH20-09987_TCRB.tsv.tcrdist3.v_max.tsv	3.2943s
166	BS-GIGI_41-replacement_TCRB.tsv.tcrdist3.v_max.tsv	3.2145s
167	BS-EQ-0008-T1-replacement_TCRB.tsv.tcrdist3.v_max.tsv	3.1302s
168	550042420_TCRB.tsv.tcrdist3.v_max.tsv	3.3886s
169	KH20-09747_TCRB.tsv.tcrdist3.v_max.tsv	3.3499s
170	KHBR20-00144_TCRB.tsv.tcrdist3.v_max.tsv	3.3274s
171	KH20-11675_TCRB.tsv.tcrdist3.v_max.tsv	3.4610s
172	INCOV031-BL-3_TCRB.tsv.tcrdist3.v_max.tsv	3.3637s
173	KH20-11697_TCRB.tsv.tcrdist3.v_max.tsv	3.4921s
174	KHBR20-00141_TCRB.tsv.tcrdist3.v_max.tsv	3.3972s
175	KH20-09948_TCRB.tsv.tcrdist3.v_max.tsv	3.4536s
176	INCOV036-AC-3_TCRB.tsv.tcrdist3.v_max.tsv	3.3816s
177	550041421_TCRB.tsv.tcrdist3.v_max.tsv	3.4472s
178	BS-EQ-0026-T0-replacement_TCRB.tsv.tcrdist3.v_max.tsv	3.3335s
179	BS-GIGI_08-replacement_TCRB.tsv.tcrdist3.v_max.tsv	3.2983s
180	BS-EQ-29-T1-replacement_TCRB.tsv.tcrdist3.v_max.tsv	3.3749s
181	KHBR20-00160_TCRB.tsv.tcrdist3.v_max.tsv	3.4846s
182	860011322_TCRB.tsv.tcrdist3.v_max.tsv	3.5637s
183	KHBR20-00165_TCRB.tsv.tcrdist3.v_max.tsv	3.5946s
184	860011327_TCRB.tsv.tcrdist3.v_max.tsv	3.4807s
185	KH20-09674_TCRB.tsv.tcrdist3.v_max.tsv	3.6228s
186	KH20-09661_TCRB.tsv.tcrdist3.v_max.tsv	3.6342s
187	BS-GIGI_16-replacement_TCRB.tsv.tcrdist3.v_max.tsv	3.5072s
188	BS-EQ-43-T1_BS-GIGI-137-replacement_TCRB.tsv.tcrdist3.v_max.tsv	3.3931s
189	860011117_TCRB.tsv.tcrdist3.v_max.tsv	3.7082s
190	INCOV033-BL-3_TCRB.tsv.tcrdist3.v_max.tsv	3.6455s
191	KHBR20-00148_TCRB.tsv.tcrdist3.v_max.tsv	3.7703s
192	BS-GIGI_79-replacement_TCRB.tsv.tcrdist3.v_max.tsv	3.5570s
193	550042515_TCRB.tsv.tcrdist3.v_max.tsv	3.8650s
194	550042526_TCRB.tsv.tcrdist3.v_max.tsv	3.7604s
195	INCOV003-BL-5_TCRB.tsv.tcrdist3.v_max.tsv	3.7481s
196	BS-EQ-35-T0-replacement_TCRB.tsv.tcrdist3.v_max.tsv	3.6493s
197	550042550_TCRB.tsv.tcrdist3.v_max.tsv	3.8316s
198	BS-GN-0011-T0-replacement_TCRB.tsv.tcrdist3.v_max.tsv	3.6868s
199	BS-EQ-07-T2-replacement_TCRB.tsv.tcrdist3.v_max.tsv	3.6301s
200	KHBR20-00103_TCRB.tsv.tcrdist3.v_max.tsv	3.7461s
201	INCOV030-AC-3_TCRB.tsv.tcrdist3.v_max.tsv	3.9633s
202	KH20-09997_TCRB.tsv.tcrdist3.v_max.tsv	3.8468s
203	BS-GIGI_61-replacement_TCRB.tsv.tcrdist3.v_max.tsv	3.5991s
204	KHBR20-00161_TCRB.tsv.tcrdist3.v_max.tsv	3.8209s
205	KH20-09996_TCRB.tsv.tcrdist3.v_max.tsv	3.7649s
206	INCOV030-BL-3_TCRB.tsv.tcrdist3.v_max.tsv	3.7804s
207	KHBR20-00156_TCRB.tsv.tcrdist3.v_max.tsv	3.8348s
208	KHBR20-00137_TCRB.tsv.tcrdist3.v_max.tsv	3.7411s
209	550041125_TCRB.tsv.tcrdist3.v_max.tsv	3.9883s
210	KHBR20-00130_TCRB.tsv.tcrdist3.v_max.tsv	3.7771s
211	860011498_TCRB.tsv.tcrdist3.v_max.tsv	3.8519s
212	KH20-11698_TCRB.tsv.tcrdist3.v_max.tsv	3.8797s
213	BS-EQ-17-T1b-replacement_TCRB.tsv.tcrdist3.v_max.tsv	3.6345s
214	KHBR20-00105_TCRB.tsv.tcrdist3.v_max.tsv	3.8675s
215	550043986_TCRB.tsv.tcrdist3.v_max.tsv	3.9286s
216	INCOV071-BL-3_TCRB.tsv.tcrdist3.v_max.tsv	3.8979s
217	KH20-11304_TCRB.tsv.tcrdist3.v_max.tsv	3.8887s
218	BS-EQ-0023-T0-replacement_TCRB.tsv.tcrdist3.v_max.tsv	3.6866s
219	KH20-11692_TCRB.tsv.tcrdist3.v_max.tsv	4.0425s
220	550042377_TCRB.tsv.tcrdist3.v_max.tsv	3.9854s
221	KH20-09720_TCRB.tsv.tcrdist3.v_max.tsv	3.9985s
222	BS-GIGI_35-replacement_TCRB.tsv.tcrdist3.v_max.tsv	3.8519s
223	KHBR20-00113_TCRB.tsv.tcrdist3.v_max.tsv	3.9818s
224	860011105_TCRB.tsv.tcrdist3.v_max.tsv	4.0971s
225	KH20-11294_TCRB.tsv.tcrdist3.v_max.tsv	4.0591s
226	KHBR20-00167_TCRB.tsv.tcrdist3.v_max.tsv	4.0674s
227	INCOV031-AC-3_TCRB.tsv.tcrdist3.v_max.tsv	4.0898s
228	KH20-09666_TCRB.tsv.tcrdist3.v_max.tsv	4.1185s
229	KHBR20-00081_TCRB.tsv.tcrdist3.v_max.tsv	4.1232s
230	BS-GIGI_70-replacement_TCRB.tsv.tcrdist3.v_max.tsv	3.9207s
231	BS-GIGI_55-replacement_TCRB.tsv.tcrdist3.v_max.tsv	3.9531s
232	INCOV009-BL-5_TCRB.tsv.tcrdist3.v_max.tsv	4.2081s
233	BS-EQ-34-T0-replacement_TCRB.tsv.tcrdist3.v_max.tsv	4.1023s
234	BS-GIGI_34-replacement_TCRB.tsv.tcrdist3.v_max.tsv	4.1777s
235	KHBR20-00185_TCRB.tsv.tcrdist3.v_max.tsv	4.2668s
236	BS-EQ-33-T0-replacement_TCRB.tsv.tcrdist3.v_max.tsv	4.2300s
237	BS-GIGI_19-replacement_TCRB.tsv.tcrdist3.v_max.tsv	4.0392s
238	KHBR20-00126_TCRB.tsv.tcrdist3.v_max.tsv	4.3223s
239	550042351_TCRB.tsv.tcrdist3.v_max.tsv	4.2918s
240	KH20-11647_TCRB.tsv.tcrdist3.v_max.tsv	4.2666s
241	BS-GIGI_74-replacement_TCRB.tsv.tcrdist3.v_max.tsv	4.1954s
242	860011229_TCRB.tsv.tcrdist3.v_max.tsv	4.2954s
243	KH20-11640_TCRB.tsv.tcrdist3.v_max.tsv	4.3801s
244	BS-GN-0005-T0-replacement_TCRB.tsv.tcrdist3.v_max.tsv	4.1333s
245	KHBR20-00083_TCRB.tsv.tcrdist3.v_max.tsv	4.4562s
246	KH20-09735_TCRB.tsv.tcrdist3.v_max.tsv	4.4999s
247	550042361_TCRB.tsv.tcrdist3.v_max.tsv	4.5281s
248	KH20-09963_TCRB.tsv.tcrdist3.v_max.tsv	4.4300s
249	KHBR20-00166_TCRB.tsv.tcrdist3.v_max.tsv	4.3580s
250	KH20-11695_TCRB.tsv.tcrdist3.v_max.tsv	4.4786s
251	KHBR20-00096_TCRB.tsv.tcrdist3.v_max.tsv	4.4219s
252	BS-GIGI_07-replacement_TCRB.tsv.tcrdist3.v_max.tsv	4.2299s
253	KH20-11811_TCRB.tsv.tcrdist3.v_max.tsv	4.6057s
254	INCOV069-BL-3_TCRB.tsv.tcrdist3.v_max.tsv	4.3734s
255	BS-GIGI_05-replacement_TCRB.tsv.tcrdist3.v_max.tsv	4.3550s
256	BS-GIGI_40-replacement_TCRB.tsv.tcrdist3.v_max.tsv	4.2991s
257	INCOV053-AC-3_TCRB.tsv.tcrdist3.v_max.tsv	4.4087s
258	860011116_TCRB.tsv.tcrdist3.v_max.tsv	4.6317s
259	INCOV016-BL-5_TCRB.tsv.tcrdist3.v_max.tsv	4.4511s
260	860011112_TCRB.tsv.tcrdist3.v_max.tsv	4.6268s
261	INCOV034-BL-3_TCRB.tsv.tcrdist3.v_max.tsv	4.4673s
262	INCOV032-BL-3_TCRB.tsv.tcrdist3.v_max.tsv	4.4079s
263	KH20-09664_TCRB.tsv.tcrdist3.v_max.tsv	4.5593s
264	550041314_TCRB.tsv.tcrdist3.v_max.tsv	4.4929s
265	860011206_TCRB.tsv.tcrdist3.v_max.tsv	4.5176s
266	550042640_TCRB.tsv.tcrdist3.v_max.tsv	4.5790s
267	INCOV017-BL-5_TCRB.tsv.tcrdist3.v_max.tsv	4.6444s
268	BS-EQ-10-T2-replacement_TCRB.tsv.tcrdist3.v_max.tsv	4.4995s
269	KHBR20-00172_TCRB.tsv.tcrdist3.v_max.tsv	4.6158s
270	KH20-11813_TCRB.tsv.tcrdist3.v_max.tsv	4.7864s
271	550043940_TCRB.tsv.tcrdist3.v_max.tsv	4.7815s
272	550041390_TCRB.tsv.tcrdist3.v_max.tsv	4.6708s
273	INCOV015-BL-5_TCRB.tsv.tcrdist3.v_max.tsv	4.7140s
274	KH20-09684_TCRB.tsv.tcrdist3.v_max.tsv	4.6432s
275	BS-EQ-36-T0-replacement_TCRB.tsv.tcrdist3.v_max.tsv	4.5766s
276	KH20-11637_TCRB.tsv.tcrdist3.v_max.tsv	4.7105s
277	BS-EQ-39-T0-replacement_TCRB.tsv.tcrdist3.v_max.tsv	4.4396s
278	BS-EQ-16-T2-replacement_TCRB.tsv.tcrdist3.v_max.tsv	4.5175s
279	KHBR20-00153_TCRB.tsv.tcrdist3.v_max.tsv	4.6467s
280	BS-GIGI_92-replacement_TCRB.tsv.tcrdist3.v_max.tsv	4.4773s
281	BS-GIGI_91-replacement_TCRB.tsv.tcrdist3.v_max.tsv	4.5297s
282	860011492_TCRB.tsv.tcrdist3.v_max.tsv	4.7278s
283	KHBR20-00117_TCRB.tsv.tcrdist3.v_max.tsv	4.9166s
284	550041499_TCRB.tsv.tcrdist3.v_max.tsv	4.8988s
285	KHBR20-00181_TCRB.tsv.tcrdist3.v_max.tsv	4.8716s
286	KHBR20-00173_TCRB.tsv.tcrdist3.v_max.tsv	4.7733s
287	KHBR20-00168_TCRB.tsv.tcrdist3.v_max.tsv	4.8735s
288	KHBR20-00123_TCRB.tsv.tcrdist3.v_max.tsv	4.8793s
289	KH20-09945_TCRB.tsv.tcrdist3.v_max.tsv	4.9507s
290	BS-GN-0014-T0-replacement_TCRB.tsv.tcrdist3.v_max.tsv	4.7912s
291	550043912_TCRB.tsv.tcrdist3.v_max.tsv	5.0607s
292	KH20-09955_TCRB.tsv.tcrdist3.v_max.tsv	5.0926s
293	KH20-11298_TCRB.tsv.tcrdist3.v_max.tsv	5.1310s
294	550043995_TCRB.tsv.tcrdist3.v_max.tsv	5.1215s
295	KHBR20-00170_TCRB.tsv.tcrdist3.v_max.tsv	5.1614s
296	INCOV070-BL-3_TCRB.tsv.tcrdist3.v_max.tsv	5.0503s
297	KH20-11305_TCRB.tsv.tcrdist3.v_max.tsv	5.1283s
298	KHBR20-00203_TCRB.tsv.tcrdist3.v_max.tsv	5.2172s
299	KHBR20-00188_TCRB.tsv.tcrdist3.v_max.tsv	5.0491s
300	BS-GIGI_53-replacement_TCRB.tsv.tcrdist3.v_max.tsv	4.9516s
301	INCOV036-BL-3_TCRB.tsv.tcrdist3.v_max.tsv	5.0664s
302	KH20-09959_TCRB.tsv.tcrdist3.v_max.tsv	5.1127s
303	KHBR20-00145_TCRB.tsv.tcrdist3.v_max.tsv	5.1580s
304	BS-EQ-33-T1-replacement_TCRB.tsv.tcrdist3.v_max.tsv	4.8240s
305	KH20-09677_TCRB.tsv.tcrdist3.v_max.tsv	5.1585s
306	INCOV087-BL-3_TCRB.tsv.tcrdist3.v_max.tsv	5.1133s
307	INCOV084-BL-3_TCRB.tsv.tcrdist3.v_max.tsv	5.0759s
308	KH20-11642_TCRB.tsv.tcrdist3.v_max.tsv	5.3422s
309	KH20-09687_TCRB.tsv.tcrdist3.v_max.tsv	5.2558s
310	KH20-09724_TCRB.tsv.tcrdist3.v_max.tsv	5.2854s
311	KH20-11687_TCRB.tsv.tcrdist3.v_max.tsv	5.3466s
312	BS-EQ-14-T3-replacement_TCRB.tsv.tcrdist3.v_max.tsv	5.0059s
313	KH20-11688_TCRB.tsv.tcrdist3.v_max.tsv	5.3422s
314	INCOV016-AC-5_TCRB.tsv.tcrdist3.v_max.tsv	5.3749s
315	BS-EQ-38-T1_BS-GIGI-117-replacement_TCRB.tsv.tcrdist3.v_max.tsv	4.7128s
316	INCOV075-AC-3_TCRB.tsv.tcrdist3.v_max.tsv	5.2984s
317	KHBR20-00162_TCRB.tsv.tcrdist3.v_max.tsv	5.2019s
318	550043973_TCRB.tsv.tcrdist3.v_max.tsv	5.3057s
319	550042259_TCRB.tsv.tcrdist3.v_max.tsv	5.3196s
320	550042183_TCRB.tsv.tcrdist3.v_max.tsv	5.3139s
321	BS-EQ-18-T2-replacement_TCRB.tsv.tcrdist3.v_max.tsv	5.1234s
322	KH20-11672_TCRB.tsv.tcrdist3.v_max.tsv	5.3662s
323	KH20-11643_TCRB.tsv.tcrdist3.v_max.tsv	5.3028s
324	KH20-11639_TCRB.tsv.tcrdist3.v_max.tsv	5.3845s
325	BS-GIGI_26-replacement_TCRB.tsv.tcrdist3.v_max.tsv	5.0886s
326	KH20-09696_TCRB.tsv.tcrdist3.v_max.tsv	5.4632s
327	KH20-09952_TCRB.tsv.tcrdist3.v_max.tsv	5.4008s
328	860011325_TCRB.tsv.tcrdist3.v_max.tsv	5.5403s
329	550043955_TCRB.tsv.tcrdist3.v_max.tsv	5.4551s
330	KHBR20-00177_TCRB.tsv.tcrdist3.v_max.tsv	5.4248s
331	BS-EQ-15-T1-replacement_TCRB.tsv.tcrdist3.v_max.tsv	5.2404s
332	BS-EQ-34-T1-replacement_TCRB.tsv.tcrdist3.v_max.tsv	5.1388s
333	860011312_TCRB.tsv.tcrdist3.v_max.tsv	5.5557s
334	KH20-11671_TCRB.tsv.tcrdist3.v_max.tsv	5.3753s
335	KHBR20-00196_TCRB.tsv.tcrdist3.v_max.tsv	5.5164s
336	KH20-09695_TCRB.tsv.tcrdist3.v_max.tsv	5.6197s
337	860011490_TCRB.tsv.tcrdist3.v_max.tsv	5.5409s
338	INCOV005-AC-5_TCRB.tsv.tcrdist3.v_max.tsv	5.4350s
339	550043980_TCRB.tsv.tcrdist3.v_max.tsv	5.5766s
340	KH20-09734_TCRB.tsv.tcrdist3.v_max.tsv	5.5577s
341	KH20-09750_TCRB.tsv.tcrdist3.v_max.tsv	5.6758s
342	KHBR20-00094_TCRB.tsv.tcrdist3.v_max.tsv	5.5699s
343	860011243_TCRB.tsv.tcrdist3.v_max.tsv	5.6046s
344	KHBR20-00143_TCRB.tsv.tcrdist3.v_max.tsv	5.6250s
345	BS-EQ-28-T1-replacement_TCRB.tsv.tcrdist3.v_max.tsv	5.2685s
346	KH20-09947_TCRB.tsv.tcrdist3.v_max.tsv	5.6055s
347	860011309_TCRB.tsv.tcrdist3.v_max.tsv	5.6165s
348	860011450_TCRB.tsv.tcrdist3.v_max.tsv	5.8522s
349	INCOV049-AC-3_TCRB.tsv.tcrdist3.v_max.tsv	5.6288s
350	860011310_TCRB.tsv.tcrdist3.v_max.tsv	5.7833s
351	860011113_TCRB.tsv.tcrdist3.v_max.tsv	5.8376s
352	KH20-09964_TCRB.tsv.tcrdist3.v_max.tsv	5.7452s
353	KH20-09991_TCRB.tsv.tcrdist3.v_max.tsv	5.7685s
354	KH20-11292_TCRB.tsv.tcrdist3.v_max.tsv	5.8714s
355	860011131_TCRB.tsv.tcrdist3.v_max.tsv	5.8721s
356	KHBR20-00200_TCRB.tsv.tcrdist3.v_max.tsv	5.8150s
357	KHBR20-00078_TCRB.tsv.tcrdist3.v_max.tsv	5.7181s
358	KHBR20-00186_TCRB.tsv.tcrdist3.v_max.tsv	5.7297s
359	BS-GIGI_27-replacement_TCRB.tsv.tcrdist3.v_max.tsv	5.6246s
360	550041250_TCRB.tsv.tcrdist3.v_max.tsv	5.8723s
361	KH20-09962_TCRB.tsv.tcrdist3.v_max.tsv	6.0296s
362	860011127_TCRB.tsv.tcrdist3.v_max.tsv	5.9538s
363	KH20-09999_TCRB.tsv.tcrdist3.v_max.tsv	5.9778s
364	860011338_TCRB.tsv.tcrdist3.v_max.tsv	6.0595s
365	KHBR20-00076_TCRB.tsv.tcrdist3.v_max.tsv	6.0666s
366	860011137_TCRB.tsv.tcrdist3.v_max.tsv	6.1946s
367	KHBR20-00204_TCRB.tsv.tcrdist3.v_max.tsv	6.0956s
368	550042523_TCRB.tsv.tcrdist3.v_max.tsv	6.1222s
369	INCOV017-AC-5_TCRB.tsv.tcrdist3.v_max.tsv	6.0335s
370	550043908_TCRB.tsv.tcrdist3.v_max.tsv	6.0859s
371	KHBR20-00205_TCRB.tsv.tcrdist3.v_max.tsv	6.1064s
372	KHBR20-00158_TCRB.tsv.tcrdist3.v_max.tsv	6.1741s
373	KH20-09708_TCRB.tsv.tcrdist3.v_max.tsv	6.1916s
374	860011218_TCRB.tsv.tcrdist3.v_max.tsv	6.3386s
375	860011382_TCRB.tsv.tcrdist3.v_max.tsv	6.1837s
376	BS-EQ-36-T1-replacement_TCRB.tsv.tcrdist3.v_max.tsv	5.9248s
377	860011125_TCRB.tsv.tcrdist3.v_max.tsv	6.1921s
378	BS-EQ-41-T1-replacement_TCRB.tsv.tcrdist3.v_max.tsv	5.9025s
379	BS-EQ-33-T2-replacement_TCRB.tsv.tcrdist3.v_max.tsv	5.9890s
380	860011132_TCRB.tsv.tcrdist3.v_max.tsv	6.2946s
381	550043971_TCRB.tsv.tcrdist3.v_max.tsv	6.3842s
382	860011246_TCRB.tsv.tcrdist3.v_max.tsv	6.3499s
383	INCOV006-BL-5_TCRB.tsv.tcrdist3.v_max.tsv	6.2406s
384	KHBR20-00134_TCRB.tsv.tcrdist3.v_max.tsv	6.4617s
385	550041349_TCRB.tsv.tcrdist3.v_max.tsv	6.5614s
386	KH20-10000_TCRB.tsv.tcrdist3.v_max.tsv	6.4719s
387	KH20-09718_TCRB.tsv.tcrdist3.v_max.tsv	6.5780s
388	KH20-09694_TCRB.tsv.tcrdist3.v_max.tsv	6.5017s
389	550042609_TCRB.tsv.tcrdist3.v_max.tsv	6.7257s
390	860011383_TCRB.tsv.tcrdist3.v_max.tsv	6.4828s
391	KH20-09741_TCRB.tsv.tcrdist3.v_max.tsv	6.5121s
392	550043927_TCRB.tsv.tcrdist3.v_max.tsv	6.5777s
393	KH20-11807_TCRB.tsv.tcrdist3.v_max.tsv	6.5841s
394	KH20-09668_TCRB.tsv.tcrdist3.v_max.tsv	6.6234s
395	KH20-11682_TCRB.tsv.tcrdist3.v_max.tsv	6.5373s
396	550042599_TCRB.tsv.tcrdist3.v_max.tsv	6.8309s
397	KHBR20-00127_TCRB.tsv.tcrdist3.v_max.tsv	6.5821s
398	550042631_TCRB.tsv.tcrdist3.v_max.tsv	6.5843s
399	KHBR20-00102_TCRB.tsv.tcrdist3.v_max.tsv	6.4990s
400	KH20-11814_TCRB.tsv.tcrdist3.v_max.tsv	6.6532s
401	KH20-09992_TCRB.tsv.tcrdist3.v_max.tsv	6.6537s
402	KHBR20-00178_TCRB.tsv.tcrdist3.v_max.tsv	6.6436s
403	KH20-09701_TCRB.tsv.tcrdist3.v_max.tsv	6.6416s
404	860011240_TCRB.tsv.tcrdist3.v_max.tsv	6.9059s
405	BS-EQ-41-T0-replacement_TCRB.tsv.tcrdist3.v_max.tsv	6.4152s
406	INCOV014-BL-5_TCRB.tsv.tcrdist3.v_max.tsv	6.4793s
407	KH20-11659_TCRB.tsv.tcrdist3.v_max.tsv	6.5723s
408	INCOV007-BL-5_TCRB.tsv.tcrdist3.v_max.tsv	6.6741s
409	KH20-09685_TCRB.tsv.tcrdist3.v_max.tsv	6.6896s
410	BS-EQ-28-T2-replacement_TCRB.tsv.tcrdist3.v_max.tsv	6.5981s
411	INCOV035-AC-3_TCRB.tsv.tcrdist3.v_max.tsv	6.7919s
412	INCOV011-AC-5_TCRB.tsv.tcrdist3.v_max.tsv	6.8344s
413	BS-GN-0016-T0-replacement_TCRB.tsv.tcrdist3.v_max.tsv	6.5376s
414	KHBR20-00152_TCRB.tsv.tcrdist3.v_max.tsv	6.8451s
415	BS-GN-0009-T0-replacement_TCRB.tsv.tcrdist3.v_max.tsv	6.5345s
416	INCOV025-AC-3_TCRB.tsv.tcrdist3.v_max.tsv	6.9452s
417	KHBR20-00128_TCRB.tsv.tcrdist3.v_max.tsv	7.0476s
418	550043167_TCRB.tsv.tcrdist3.v_max.tsv	7.1207s
419	INCOV051-AC-3_TCRB.tsv.tcrdist3.v_max.tsv	6.9650s
420	860011314_TCRB.tsv.tcrdist3.v_max.tsv	7.0592s
421	KHBR20-00108_TCRB.tsv.tcrdist3.v_max.tsv	7.1580s
422	KH20-09704_TCRB.tsv.tcrdist3.v_max.tsv	7.1242s
423	KH20-09749_TCRB.tsv.tcrdist3.v_max.tsv	7.2402s
424	KH20-09956_TCRB.tsv.tcrdist3.v_max.tsv	7.0920s
425	550042447_TCRB.tsv.tcrdist3.v_max.tsv	7.1522s
426	860011212_TCRB.tsv.tcrdist3.v_max.tsv	7.1810s
427	KH20-11670_TCRB.tsv.tcrdist3.v_max.tsv	7.0662s
428	BS-EQ-0028-T0-replacement_TCRB.tsv.tcrdist3.v_max.tsv	6.7472s
429	550040030_TCRB.tsv.tcrdist3.v_max.tsv	7.2577s
430	KH20-09746_TCRB.tsv.tcrdist3.v_max.tsv	7.1549s
431	KH20-11296_TCRB.tsv.tcrdist3.v_max.tsv	7.3949s
432	860011233_TCRB.tsv.tcrdist3.v_max.tsv	7.2618s
433	860011139_TCRB.tsv.tcrdist3.v_max.tsv	7.2873s
434	BS-GN-0003-T0-replacement_TCRB.tsv.tcrdist3.v_max.tsv	6.8613s
435	INCOV073-BL-3_TCRB.tsv.tcrdist3.v_max.tsv	7.2936s
436	860011203_TCRB.tsv.tcrdist3.v_max.tsv	7.3917s
437	KH20-09971_TCRB.tsv.tcrdist3.v_max.tsv	7.2840s
438	INCOV007-AC-5_TCRB.tsv.tcrdist3.v_max.tsv	7.2791s
439	KHBR20-00135_TCRB.tsv.tcrdist3.v_max.tsv	7.3695s
440	KH20-11291_TCRB.tsv.tcrdist3.v_max.tsv	7.4440s
441	860011241_TCRB.tsv.tcrdist3.v_max.tsv	7.4637s
442	KH20-09736_TCRB.tsv.tcrdist3.v_max.tsv	7.4557s
443	KHBR20-00201_TCRB.tsv.tcrdist3.v_max.tsv	7.5603s
444	BS-EQ-26-T1-replacement_TCRB.tsv.tcrdist3.v_max.tsv	7.2902s
445	KH20-11657_TCRB.tsv.tcrdist3.v_max.tsv	7.7719s
446	860011231_TCRB.tsv.tcrdist3.v_max.tsv	7.7680s
447	860011227_TCRB.tsv.tcrdist3.v_max.tsv	7.6420s
448	KHBR20-00082_TCRB.tsv.tcrdist3.v_max.tsv	7.6770s
449	KH20-09657_TCRB.tsv.tcrdist3.v_max.tsv	7.7949s
450	KH20-09966_TCRB.tsv.tcrdist3.v_max.tsv	7.7726s
451	KH20-09725_TCRB.tsv.tcrdist3.v_max.tsv	7.6405s
452	KH20-11681_TCRB.tsv.tcrdist3.v_max.tsv	7.8419s
453	550042442_TCRB.tsv.tcrdist3.v_max.tsv	7.7603s
454	KHBR20-00109_TCRB.tsv.tcrdist3.v_max.tsv	7.8380s
455	860011210_TCRB.tsv.tcrdist3.v_max.tsv	7.9029s
456	KH20-09985_TCRB.tsv.tcrdist3.v_max.tsv	7.8469s
457	860011238_TCRB.tsv.tcrdist3.v_max.tsv	8.0499s
458	550044028_TCRB.tsv.tcrdist3.v_max.tsv	7.8025s
459	860011445_TCRB.tsv.tcrdist3.v_max.tsv	8.0932s
460	550042400_TCRB.tsv.tcrdist3.v_max.tsv	7.9910s
461	BS-EQ-30-T2-replacement_TCRB.tsv.tcrdist3.v_max.tsv	7.5691s
462	KHBR20-00084_TCRB.tsv.tcrdist3.v_max.tsv	7.9833s
463	550042395_TCRB.tsv.tcrdist3.v_max.tsv	8.1674s
464	KHBR20-00136_TCRB.tsv.tcrdist3.v_max.tsv	7.8969s
465	KH20-11641_TCRB.tsv.tcrdist3.v_max.tsv	8.0522s
466	KH20-11302_TCRB.tsv.tcrdist3.v_max.tsv	8.0147s
467	KH20-11676_TCRB.tsv.tcrdist3.v_max.tsv	8.0967s
468	BS-EQ-0014-T1-replacement_TCRB.tsv.tcrdist3.v_max.tsv	7.5784s
469	KH20-11673_TCRB.tsv.tcrdist3.v_max.tsv	8.1280s
470	860011111_TCRB.tsv.tcrdist3.v_max.tsv	8.2002s
471	KH20-09967_TCRB.tsv.tcrdist3.v_max.tsv	8.2388s
472	KH20-09984_TCRB.tsv.tcrdist3.v_max.tsv	8.1570s
473	KH20-11300_TCRB.tsv.tcrdist3.v_max.tsv	8.2652s
474	KH20-11297_TCRB.tsv.tcrdist3.v_max.tsv	8.3424s
475	860011228_TCRB.tsv.tcrdist3.v_max.tsv	8.5545s
476	KH20-11301_TCRB.tsv.tcrdist3.v_max.tsv	8.1636s
477	KH20-11646_TCRB.tsv.tcrdist3.v_max.tsv	8.4006s
478	KHBR20-00151_TCRB.tsv.tcrdist3.v_max.tsv	8.4199s
479	KH20-11661_TCRB.tsv.tcrdist3.v_max.tsv	8.3705s
480	KH20-11299_TCRB.tsv.tcrdist3.v_max.tsv	8.2583s
481	KHBR20-00131_TCRB.tsv.tcrdist3.v_max.tsv	8.3546s
482	KH20-09709_TCRB.tsv.tcrdist3.v_max.tsv	8.4927s
483	860011496_TCRB.tsv.tcrdist3.v_max.tsv	8.5832s
484	KH20-09946_TCRB.tsv.tcrdist3.v_max.tsv	8.4314s
485	KHBR20-00163_TCRB.tsv.tcrdist3.v_max.tsv	8.5767s
486	550041393_TCRB.tsv.tcrdist3.v_max.tsv	8.6120s
487	KH20-09690_TCRB.tsv.tcrdist3.v_max.tsv	8.8262s
488	KHBR20-00080_TCRB.tsv.tcrdist3.v_max.tsv	8.6272s
489	KH20-09753_TCRB.tsv.tcrdist3.v_max.tsv	8.8897s
490	KH20-09669_TCRB.tsv.tcrdist3.v_max.tsv	8.7549s
491	KHBR20-00139_TCRB.tsv.tcrdist3.v_max.tsv	8.6352s
492	KH20-09691_TCRB.tsv.tcrdist3.v_max.tsv	8.7409s
493	INCOV019-AC-5_TCRB.tsv.tcrdist3.v_max.tsv	8.6214s
494	860011217_TCRB.tsv.tcrdist3.v_max.tsv	8.9849s
495	KH20-09980_TCRB.tsv.tcrdist3.v_max.tsv	8.8529s
496	INCOV034-AC-3_TCRB.tsv.tcrdist3.v_max.tsv	8.7964s
497	KH20-09951_TCRB.tsv.tcrdist3.v_max.tsv	8.8781s
498	BS-EQ-0003-T1-replacement_TCRB.tsv.tcrdist3.v_max.tsv	8.4302s
499	KH20-09978_TCRB.tsv.tcrdist3.v_max.tsv	8.9165s
500	KH20-11660_TCRB.tsv.tcrdist3.v_max.tsv	8.8321s
501	KH20-09961_TCRB.tsv.tcrdist3.v_max.tsv	8.8958s
502	INCOV035-BL-3_TCRB.tsv.tcrdist3.v_max.tsv	8.8715s
503	KH20-09990_TCRB.tsv.tcrdist3.v_max.tsv	8.8551s
504	860011303_TCRB.tsv.tcrdist3.v_max.tsv	8.9679s
505	KHBR20-00184_TCRB.tsv.tcrdist3.v_max.tsv	8.8949s
506	KH20-09954_TCRB.tsv.tcrdist3.v_max.tsv	9.1078s
507	INCOV044-AC-3_TCRB.tsv.tcrdist3.v_max.tsv	8.8625s
508	KHBR20-00154_TCRB.tsv.tcrdist3.v_max.tsv	8.9316s
509	KHBR20-00183_TCRB.tsv.tcrdist3.v_max.tsv	9.0934s
510	KHBR20-00122_TCRB.tsv.tcrdist3.v_max.tsv	9.3098s
511	KH20-09993_TCRB.tsv.tcrdist3.v_max.tsv	9.3656s
512	KH20-09748_TCRB.tsv.tcrdist3.v_max.tsv	9.2792s
513	550042547_TCRB.tsv.tcrdist3.v_max.tsv	9.4437s
514	KH20-09689_TCRB.tsv.tcrdist3.v_max.tsv	9.6259s
515	KH20-09727_TCRB.tsv.tcrdist3.v_max.tsv	9.5428s
516	BS-EQ-0014-T2-replacement_TCRB.tsv.tcrdist3.v_max.tsv	9.1945s
517	860011323_TCRB.tsv.tcrdist3.v_max.tsv	9.7258s
518	KH20-11812_TCRB.tsv.tcrdist3.v_max.tsv	9.9174s
519	KHBR20-00091_TCRB.tsv.tcrdist3.v_max.tsv	9.8921s
520	INCOV048-BL-3_TCRB.tsv.tcrdist3.v_max.tsv	9.5781s
521	KH20-09977_TCRB.tsv.tcrdist3.v_max.tsv	9.6912s
522	KH20-09986_TCRB.tsv.tcrdist3.v_max.tsv	9.9724s
523	KH20-09745_TCRB.tsv.tcrdist3.v_max.tsv	9.9084s
524	860011115_TCRB.tsv.tcrdist3.v_max.tsv	10.1057s
525	KHBR20-00087_TCRB.tsv.tcrdist3.v_max.tsv	9.8920s
526	550043914_TCRB.tsv.tcrdist3.v_max.tsv	10.0232s
527	550043981_TCRB.tsv.tcrdist3.v_max.tsv	10.0272s
528	860011499_TCRB.tsv.tcrdist3.v_max.tsv	10.1836s
529	INCOV054-BL-3_TCRB.tsv.tcrdist3.v_max.tsv	10.0389s
530	KHBR20-00100_TCRB.tsv.tcrdist3.v_max.tsv	10.1220s
531	550042239_TCRB.tsv.tcrdist3.v_max.tsv	10.3030s
532	KH20-11649_TCRB.tsv.tcrdist3.v_max.tsv	10.3084s
533	KH20-09953_TCRB.tsv.tcrdist3.v_max.tsv	10.2599s
534	860011304_TCRB.tsv.tcrdist3.v_max.tsv	10.3139s
535	KHBR20-00133_TCRB.tsv.tcrdist3.v_max.tsv	10.3224s
536	550042210_TCRB.tsv.tcrdist3.v_max.tsv	10.5342s
537	INCOV051-BL-3_TCRB.tsv.tcrdist3.v_max.tsv	10.2033s
538	860011497_TCRB.tsv.tcrdist3.v_max.tsv	10.5018s
539	KHBR20-00116_TCRB.tsv.tcrdist3.v_max.tsv	10.4568s
540	KH20-09715_TCRB.tsv.tcrdist3.v_max.tsv	10.4827s
541	BS-EQ-30-T1-replacement_TCRB.tsv.tcrdist3.v_max.tsv	9.8533s
542	860011348_TCRB.tsv.tcrdist3.v_max.tsv	10.6270s
543	860011118_TCRB.tsv.tcrdist3.v_max.tsv	10.6139s
544	KH20-09975_TCRB.tsv.tcrdist3.v_max.tsv	10.6088s
545	550043928_TCRB.tsv.tcrdist3.v_max.tsv	10.8497s
546	KH20-09714_TCRB.tsv.tcrdist3.v_max.tsv	10.8339s
547	860011242_TCRB.tsv.tcrdist3.v_max.tsv	10.7770s
548	KHBR20-00079_TCRB.tsv.tcrdist3.v_max.tsv	10.8865s
549	550041441_TCRB.tsv.tcrdist3.v_max.tsv	10.9449s
550	KH20-09960_TCRB.tsv.tcrdist3.v_max.tsv	10.8406s
551	860011326_TCRB.tsv.tcrdist3.v_max.tsv	10.9732s
552	KHBR20-00191_TCRB.tsv.tcrdist3.v_max.tsv	10.8409s
553	BS-GIGI_75-replacement_TCRB.tsv.tcrdist3.v_max.tsv	10.5100s
554	KH20-09968_TCRB.tsv.tcrdist3.v_max.tsv	10.8812s
555	KH20-09723_TCRB.tsv.tcrdist3.v_max.tsv	10.8141s
556	KH20-09979_TCRB.tsv.tcrdist3.v_max.tsv	11.1598s
557	KH20-11658_TCRB.tsv.tcrdist3.v_max.tsv	11.0366s
558	INCOV047-BL-3_TCRB.tsv.tcrdist3.v_max.tsv	10.9274s
559	INCOV002-AC-5_TCRB.tsv.tcrdist3.v_max.tsv	10.9618s
560	KH20-09731_TCRB.tsv.tcrdist3.v_max.tsv	11.2740s
561	INCOV029-AC-3_TCRB.tsv.tcrdist3.v_max.tsv	10.9744s
562	KH20-11674_TCRB.tsv.tcrdist3.v_max.tsv	11.2532s
563	110047542_TCRB.tsv.tcrdist3.v_max.tsv	11.3092s
564	KH20-09743_TCRB.tsv.tcrdist3.v_max.tsv	11.2551s
565	KH20-11678_TCRB.tsv.tcrdist3.v_max.tsv	11.4009s
566	KH20-11689_TCRB.tsv.tcrdist3.v_max.tsv	11.5039s
567	KH20-09699_TCRB.tsv.tcrdist3.v_max.tsv	11.4538s
568	KH20-09726_TCRB.tsv.tcrdist3.v_max.tsv	11.5658s
569	860011336_TCRB.tsv.tcrdist3.v_max.tsv	11.5167s
570	860011256_TCRB.tsv.tcrdist3.v_max.tsv	11.8184s
571	KHBR20-00097_TCRB.tsv.tcrdist3.v_max.tsv	11.6329s
572	INCOV006-AC-5_TCRB.tsv.tcrdist3.v_max.tsv	11.6593s
573	KHBR20-00086_TCRB.tsv.tcrdist3.v_max.tsv	11.7783s
574	KH20-11651_TCRB.tsv.tcrdist3.v_max.tsv	11.7647s
575	KHBR20-00125_TCRB.tsv.tcrdist3.v_max.tsv	11.7170s
576	KH20-09755_TCRB.tsv.tcrdist3.v_max.tsv	11.8635s
577	KH20-11655_TCRB.tsv.tcrdist3.v_max.tsv	11.9369s
578	KH20-09683_TCRB.tsv.tcrdist3.v_max.tsv	11.8666s
579	KH20-09976_TCRB.tsv.tcrdist3.v_max.tsv	11.8082s
580	860011280_TCRB.tsv.tcrdist3.v_max.tsv	12.2971s
581	INCOV047-AC-3_TCRB.tsv.tcrdist3.v_max.tsv	11.9385s
582	KH20-11684_TCRB.tsv.tcrdist3.v_max.tsv	11.9329s
583	860011219_TCRB.tsv.tcrdist3.v_max.tsv	12.2737s
584	KH20-09654_TCRB.tsv.tcrdist3.v_max.tsv	12.3239s
585	INCOV044-BL-3_TCRB.tsv.tcrdist3.v_max.tsv	12.1808s
586	KH20-09738_TCRB.tsv.tcrdist3.v_max.tsv	12.2605s
587	INCOV015-AC-5_TCRB.tsv.tcrdist3.v_max.tsv	12.2009s
588	INCOV050-AC-3_TCRB.tsv.tcrdist3.v_max.tsv	12.2555s
589	860011494_TCRB.tsv.tcrdist3.v_max.tsv	12.3796s
590	KH20-11662_TCRB.tsv.tcrdist3.v_max.tsv	12.4686s
591	KH20-11665_TCRB.tsv.tcrdist3.v_max.tsv	12.5457s
592	INCOV062-BL-3_TCRB.tsv.tcrdist3.v_max.tsv	12.7708s
593	860011226_TCRB.tsv.tcrdist3.v_max.tsv	12.7415s
594	KH20-09702_TCRB.tsv.tcrdist3.v_max.tsv	12.9387s
595	860011354_TCRB.tsv.tcrdist3.v_max.tsv	13.0621s
596	860011236_TCRB.tsv.tcrdist3.v_max.tsv	13.1425s
597	KHBR20-00095_TCRB.tsv.tcrdist3.v_max.tsv	12.9711s
598	860011209_TCRB.tsv.tcrdist3.v_max.tsv	13.2777s
599	860011317_TCRB.tsv.tcrdist3.v_max.tsv	13.2665s
600	KH20-09711_TCRB.tsv.tcrdist3.v_max.tsv	12.9600s
601	KH20-11699_TCRB.tsv.tcrdist3.v_max.tsv	13.3298s
602	KH20-09754_TCRB.tsv.tcrdist3.v_max.tsv	13.3448s
603	KHBR20-00190_TCRB.tsv.tcrdist3.v_max.tsv	13.3423s
604	860011388_TCRB.tsv.tcrdist3.v_max.tsv	13.9037s
605	860011356_TCRB.tsv.tcrdist3.v_max.tsv	13.5000s
606	550043920_TCRB.tsv.tcrdist3.v_max.tsv	13.7319s
607	KHBR20-00099_TCRB.tsv.tcrdist3.v_max.tsv	13.3592s
608	KHBR20-00129_TCRB.tsv.tcrdist3.v_max.tsv	13.5017s
609	KH20-11696_TCRB.tsv.tcrdist3.v_max.tsv	13.7228s
610	KH20-11686_TCRB.tsv.tcrdist3.v_max.tsv	13.9653s
611	KH20-11664_TCRB.tsv.tcrdist3.v_max.tsv	13.9872s
612	INCOV026-BL-3_TCRB.tsv.tcrdist3.v_max.tsv	14.0020s
613	KH20-11667_TCRB.tsv.tcrdist3.v_max.tsv	14.0254s
614	KH20-11666_TCRB.tsv.tcrdist3.v_max.tsv	14.1507s
615	860011347_TCRB.tsv.tcrdist3.v_max.tsv	14.2459s
616	KH20-11648_TCRB.tsv.tcrdist3.v_max.tsv	14.1356s
617	KH20-09739_TCRB.tsv.tcrdist3.v_max.tsv	14.1939s
618	550044000_TCRB.tsv.tcrdist3.v_max.tsv	14.7649s
619	KH20-09972_TCRB.tsv.tcrdist3.v_max.tsv	14.6276s
620	KH20-11668_TCRB.tsv.tcrdist3.v_max.tsv	14.4421s
621	860011138_TCRB.tsv.tcrdist3.v_max.tsv	14.6447s
622	860011208_TCRB.tsv.tcrdist3.v_max.tsv	14.8214s
623	550041239-1_TCRB.tsv.tcrdist3.v_max.tsv	14.8496s
624	550042542_TCRB.tsv.tcrdist3.v_max.tsv	14.9700s
625	860011223_TCRB.tsv.tcrdist3.v_max.tsv	14.8797s
626	KHBR20-00092_TCRB.tsv.tcrdist3.v_max.tsv	14.8298s
627	INCOV052-BL-3_TCRB.tsv.tcrdist3.v_max.tsv	14.7450s
628	INCOV050-BL-3_TCRB.tsv.tcrdist3.v_max.tsv	14.8358s
629	860011311_TCRB.tsv.tcrdist3.v_max.tsv	15.3703s
630	550044029_TCRB.tsv.tcrdist3.v_max.tsv	15.6195s
631	INCOV003-AC-5_TCRB.tsv.tcrdist3.v_max.tsv	15.3498s
632	KHBR20-00088_TCRB.tsv.tcrdist3.v_max.tsv	15.2229s
633	860011264_TCRB.tsv.tcrdist3.v_max.tsv	15.5245s
634	INCOV012-AC-5_TCRB.tsv.tcrdist3.v_max.tsv	15.4534s
635	INCOV001-AC-5_TCRB.tsv.tcrdist3.v_max.tsv	15.5589s
636	INCOV002-BL-5_TCRB.tsv.tcrdist3.v_max.tsv	15.4974s
637	KH20-11654_TCRB.tsv.tcrdist3.v_max.tsv	15.9713s
638	KHBR20-00115_TCRB.tsv.tcrdist3.v_max.tsv	15.8588s
639	KH20-09707_TCRB.tsv.tcrdist3.v_max.tsv	16.0940s
640	860011392_TCRB.tsv.tcrdist3.v_max.tsv	16.3670s
641	KH20-11656_TCRB.tsv.tcrdist3.v_max.tsv	16.2619s
642	KH20-09717_TCRB.tsv.tcrdist3.v_max.tsv	16.7599s
643	860011284_TCRB.tsv.tcrdist3.v_max.tsv	16.3291s
644	KHBR20-00174_TCRB.tsv.tcrdist3.v_max.tsv	16.2966s
645	KH20-11653_TCRB.tsv.tcrdist3.v_max.tsv	16.5558s
646	KH20-09719_TCRB.tsv.tcrdist3.v_max.tsv	16.7648s
647	KH20-09958_TCRB.tsv.tcrdist3.v_max.tsv	16.7443s
648	INCOV026-AC-3_TCRB.tsv.tcrdist3.v_max.tsv	16.7439s
649	860011119_TCRB.tsv.tcrdist3.v_max.tsv	16.8890s
650	KH20-09981_TCRB.tsv.tcrdist3.v_max.tsv	17.0208s
651	KH20-11652_TCRB.tsv.tcrdist3.v_max.tsv	16.8914s
652	860011250_TCRB.tsv.tcrdist3.v_max.tsv	16.9439s
653	KH20-09995_TCRB.tsv.tcrdist3.v_max.tsv	16.8225s
654	INCOV059-AC-3_TCRB.tsv.tcrdist3.v_max.tsv	16.7808s
655	860011282_TCRB.tsv.tcrdist3.v_max.tsv	16.5910s
656	KH20-11669_TCRB.tsv.tcrdist3.v_max.tsv	16.8763s
657	550041173_TCRB.tsv.tcrdist3.v_max.tsv	17.0630s
658	KH20-09973_TCRB.tsv.tcrdist3.v_max.tsv	16.6145s
659	KH20-09706_TCRB.tsv.tcrdist3.v_max.tsv	16.9987s
660	860011122_TCRB.tsv.tcrdist3.v_max.tsv	16.8746s
661	KH20-09969_TCRB.tsv.tcrdist3.v_max.tsv	17.1451s
662	KH20-11293_TCRB.tsv.tcrdist3.v_max.tsv	17.3643s
663	INCOV062-AC-3_TCRB.tsv.tcrdist3.v_max.tsv	17.2719s
664	860011340_TCRB.tsv.tcrdist3.v_max.tsv	17.8781s
665	INCOV055-BL-3_TCRB.tsv.tcrdist3.v_max.tsv	17.7087s
666	860011224_TCRB.tsv.tcrdist3.v_max.tsv	18.0917s
667	KH20-09658_TCRB.tsv.tcrdist3.v_max.tsv	19.1260s
668	KHBR20-00104_TCRB.tsv.tcrdist3.v_max.tsv	18.9655s
669	860011211_TCRB.tsv.tcrdist3.v_max.tsv	19.1815s
670	KH20-11679_TCRB.tsv.tcrdist3.v_max.tsv	19.3585s
671	860011130_TCRB.tsv.tcrdist3.v_max.tsv	19.4516s
672	860011495_TCRB.tsv.tcrdist3.v_max.tsv	19.7728s
673	INCOV027-BL-3_TCRB.tsv.tcrdist3.v_max.tsv	19.5737s
674	KH20-09693_TCRB.tsv.tcrdist3.v_max.tsv	20.5322s
675	KHBR20-00146_TCRB.tsv.tcrdist3.v_max.tsv	20.1955s
676	860011106_TCRB.tsv.tcrdist3.v_max.tsv	21.0238s
677	KH20-09721_TCRB.tsv.tcrdist3.v_max.tsv	20.7091s
678	INCOV077-BL-3_TCRB.tsv.tcrdist3.v_max.tsv	20.7402s
679	KH20-09716_TCRB.tsv.tcrdist3.v_max.tsv	21.2889s
680	INCOV027-AC-3_TCRB.tsv.tcrdist3.v_max.tsv	20.8803s
681	860011121_TCRB.tsv.tcrdist3.v_max.tsv	21.5224s
682	KH20-11644_TCRB.tsv.tcrdist3.v_max.tsv	21.4767s
683	INCOV045-BL-3_TCRB.tsv.tcrdist3.v_max.tsv	21.9884s
684	860011330_TCRB.tsv.tcrdist3.v_max.tsv	22.3533s
685	INCOV023-AC-3_TCRB.tsv.tcrdist3.v_max.tsv	23.0811s
686	860011260_TCRB.tsv.tcrdist3.v_max.tsv	25.2526s
687	KH20-09994_TCRB.tsv.tcrdist3.v_max.tsv	25.2288s
688	KH20-09744_TCRB.tsv.tcrdist3.v_max.tsv	25.5571s
689	KH20-09712_TCRB.tsv.tcrdist3.v_max.tsv	26.6580s
690	860011488_TCRB.tsv.tcrdist3.v_max.tsv	27.4665s
691	550042451_TCRB.tsv.tcrdist3.v_max.tsv	29.8434s
692	INCOV078-BL-3_TCRB.tsv.tcrdist3.v_max.tsv	30.0666s
693	KHBR20-00164_TCRB.tsv.tcrdist3.v_max.tsv	45.9716s
